<?xml version="1.0" encoding="UTF-8"?>
<GenRun Id="impl_1" LaunchPart="xc7z020clg400-1" LaunchTime="1728490263">
  <File Type="ROUTE-PWR" Name="ic20_top_wrapper_power_routed.rpt"/>
  <File Type="PA-TCL" Name="ic20_top_wrapper.tcl"/>
  <File Type="ROUTE-PWR-SUM" Name="ic20_top_wrapper_power_summary_routed.pb"/>
  <File Type="REPORTS-TCL" Name="ic20_top_wrapper_reports.tcl"/>
  <File Type="OPT-RQA-PB" Name="ic20_top_wrapper_rqa_opted.pb"/>
  <File Type="BITSTR-MMI" Name="ic20_top_wrapper.mmi"/>
  <File Type="OPT-METHODOLOGY-DRC" Name="ic20_top_wrapper_methodology_drc_opted.rpt"/>
  <File Type="INIT-TIMING" Name="ic20_top_wrapper_timing_summary_init.rpt"/>
  <File Type="OPT-TIMING" Name="ic20_top_wrapper_timing_summary_opted.rpt"/>
  <File Type="OPT-DCP" Name="ic20_top_wrapper_opt.dcp"/>
  <File Type="OPT-DRC" Name="ic20_top_wrapper_drc_opted.rpt"/>
  <File Type="OPT-HWDEF" Name="ic20_top_wrapper.hwdef"/>
  <File Type="PWROPT-DCP" Name="ic20_top_wrapper_pwropt.dcp"/>
  <File Type="PWROPT-DRC" Name="ic20_top_wrapper_drc_pwropted.rpt"/>
  <File Type="PWROPT-TIMING" Name="ic20_top_wrapper_timing_summary_pwropted.rpt"/>
  <File Type="PLACE-DCP" Name="ic20_top_wrapper_placed.dcp"/>
  <File Type="PLACE-IO" Name="ic20_top_wrapper_io_placed.rpt"/>
  <File Type="PLACE-CLK" Name="ic20_top_wrapper_clock_utilization_placed.rpt"/>
  <File Type="PLACE-UTIL" Name="ic20_top_wrapper_utilization_placed.rpt"/>
  <File Type="PLACE-UTIL-PB" Name="ic20_top_wrapper_utilization_placed.pb"/>
  <File Type="PLACE-CTRL" Name="ic20_top_wrapper_control_sets_placed.rpt"/>
  <File Type="PLACE-SIMILARITY" Name="ic20_top_wrapper_incremental_reuse_placed.rpt"/>
  <File Type="PLACE-PRE-SIMILARITY" Name="ic20_top_wrapper_incremental_reuse_pre_placed.rpt"/>
  <File Type="BG-BIN" Name="ic20_top_wrapper.bin"/>
  <File Type="PLACE-TIMING" Name="ic20_top_wrapper_timing_summary_placed.rpt"/>
  <File Type="ROUTE-PWR-RPX" Name="ic20_top_wrapper_power_routed.rpx"/>
  <File Type="PLACE-RQA-PB" Name="ic20_top_wrapper_rqa_placed.pb"/>
  <File Type="POSTPLACE-PWROPT-DCP" Name="ic20_top_wrapper_postplace_pwropt.dcp"/>
  <File Type="BITSTR-MSK" Name="ic20_top_wrapper.msk"/>
  <File Type="POSTPLACE-PWROPT-TIMING" Name="ic20_top_wrapper_timing_summary_postplace_pwropted.rpt"/>
  <File Type="PHYSOPT-DCP" Name="ic20_top_wrapper_physopt.dcp"/>
  <File Type="PHYSOPT-DRC" Name="ic20_top_wrapper_drc_physopted.rpt"/>
  <File Type="BITSTR-RBT" Name="ic20_top_wrapper.rbt"/>
  <File Type="PHYSOPT-TIMING" Name="ic20_top_wrapper_timing_summary_physopted.rpt"/>
  <File Type="ROUTE-ERROR-DCP" Name="ic20_top_wrapper_routed_error.dcp"/>
  <File Type="ROUTE-DCP" Name="ic20_top_wrapper_routed.dcp"/>
  <File Type="ROUTE-BLACKBOX-DCP" Name="ic20_top_wrapper_routed_bb.dcp"/>
  <File Type="ROUTE-DRC" Name="ic20_top_wrapper_drc_routed.rpt"/>
  <File Type="ROUTE-DRC-PB" Name="ic20_top_wrapper_drc_routed.pb"/>
  <File Type="ROUTE-DRC-RPX" Name="ic20_top_wrapper_drc_routed.rpx"/>
  <File Type="ROUTE-METHODOLOGY-DRC" Name="ic20_top_wrapper_methodology_drc_routed.rpt"/>
  <File Type="ROUTE-METHODOLOGY-DRC-RPX" Name="ic20_top_wrapper_methodology_drc_routed.rpx"/>
  <File Type="ROUTE-METHODOLOGY-DRC-PB" Name="ic20_top_wrapper_methodology_drc_routed.pb"/>
  <File Type="ROUTE-RQS-PB" Name="ic20_top_wrapper_rqs_routed.pb"/>
  <File Type="ROUTE-STATUS" Name="ic20_top_wrapper_route_status.rpt"/>
  <File Type="ROUTE-STATUS-PB" Name="ic20_top_wrapper_route_status.pb"/>
  <File Type="ROUTE-TIMINGSUMMARY" Name="ic20_top_wrapper_timing_summary_routed.rpt"/>
  <File Type="ROUTE-TIMING-PB" Name="ic20_top_wrapper_timing_summary_routed.pb"/>
  <File Type="ROUTE-TIMING-RPX" Name="ic20_top_wrapper_timing_summary_routed.rpx"/>
  <File Type="ROUTE-SIMILARITY" Name="ic20_top_wrapper_incremental_reuse_routed.rpt"/>
  <File Type="ROUTE-CLK" Name="ic20_top_wrapper_clock_utilization_routed.rpt"/>
  <File Type="ROUTE-BUS-SKEW" Name="ic20_top_wrapper_bus_skew_routed.rpt"/>
  <File Type="ROUTE-BUS-SKEW-PB" Name="ic20_top_wrapper_bus_skew_routed.pb"/>
  <File Type="ROUTE-BUS-SKEW-RPX" Name="ic20_top_wrapper_bus_skew_routed.rpx"/>
  <File Type="POSTROUTE-PHYSOPT-DCP" Name="ic20_top_wrapper_postroute_physopt.dcp"/>
  <File Type="POSTROUTE-PHYSOPT-BLACKBOX-DCP" Name="ic20_top_wrapper_postroute_physopt_bb.dcp"/>
  <File Type="POSTROUTE-PHYSOPT-TIMING" Name="ic20_top_wrapper_timing_summary_postroute_physopted.rpt"/>
  <File Type="POSTROUTE-PHYSOPT-TIMING-PB" Name="ic20_top_wrapper_timing_summary_postroute_physopted.pb"/>
  <File Type="POSTROUTE-PHYSOPT-TIMING-RPX" Name="ic20_top_wrapper_timing_summary_postroute_physopted.rpx"/>
  <File Type="POSTROUTE-PHYSOPT-BUS-SKEW" Name="ic20_top_wrapper_bus_skew_postroute_physopted.rpt"/>
  <File Type="BG-BIT" Name="ic20_top_wrapper.bit"/>
  <File Type="POSTROUTE-PHYSOPT-BUS-SKEW-PB" Name="ic20_top_wrapper_bus_skew_postroute_physopted.pb"/>
  <File Type="POSTROUTE-PHYSOPT-BUS-SKEW-RPX" Name="ic20_top_wrapper_bus_skew_postroute_physopted.rpx"/>
  <File Type="BITSTR-NKY" Name="ic20_top_wrapper.nky"/>
  <File Type="BITSTR-BMM" Name="ic20_top_wrapper_bd.bmm"/>
  <File Type="PDI-FILE" Name="ic20_top_wrapper.pdi"/>
  <File Type="BOOT-PDI-FILE" Name="ic20_top_wrapper_boot.pdi"/>
  <File Type="PL-PDI-FILE" Name="ic20_top_wrapper_pld.pdi"/>
  <File Type="RCFI_FILE" Name="ic20_top_wrapper.rcfi"/>
  <File Type="CFI_FILE" Name="ic20_top_wrapper.cfi"/>
  <File Type="RNPI_FILE" Name="ic20_top_wrapper.rnpi"/>
  <File Type="NPI_FILE" Name="ic20_top_wrapper.npi"/>
  <File Type="RBD_FILE" Name="ic20_top_wrapper.rbd"/>
  <File Type="BITSTR-LTX" Name="debug_nets.ltx"/>
  <File Type="BITSTR-LTX" Name="ic20_top_wrapper.ltx"/>
  <File Type="BITSTR-SYSDEF" Name="ic20_top_wrapper.sysdef"/>
  <File Type="BG-BGN" Name="ic20_top_wrapper.bgn"/>
  <File Type="BG-DRC" Name="ic20_top_wrapper.drc"/>
  <File Type="RDI-RDI" Name="ic20_top_wrapper.vdi"/>
  <File Type="WBT-USG" Name="usage_statistics_webtalk.html"/>
  <File Type="ROUTE-RQS" Name="ic20_top_wrapper_routed.rqs"/>
  <File Type="POSTROUTE-PHYSOPT-RQS" Name="ic20_top_wrapper_postroute_physopted.rqs"/>
  <File Type="ROUTE-RQS-RPT" Name="route_report_qor_suggestions_0.rpt"/>
  <File Type="POSTROUTE-PHYSOPT-RQS-RPT" Name="postroute_physopt_report_qor_suggestions_0.rpt"/>
  <FileSet Name="sources" Type="DesignSrcs" RelSrcDir="$PSRCDIR/sources_1" RelGenDir="$PGENDIR/sources_1">
    <Filter Type="Srcs"/>
    <File Path="$PSRCDIR/sources_1/bd/ic20_top/ic20_top.bd">
      <FileInfo>
        <Attr Name="UsedIn" Val="synthesis"/>
        <Attr Name="UsedIn" Val="implementation"/>
        <Attr Name="UsedIn" Val="simulation"/>
      </FileInfo>
    </File>
    <File Path="$PGENDIR/sources_1/bd/ic20_top/hdl/ic20_top_wrapper.v">
      <FileInfo>
        <Attr Name="UsedIn" Val="synthesis"/>
        <Attr Name="UsedIn" Val="implementation"/>
        <Attr Name="UsedIn" Val="simulation"/>
      </FileInfo>
    </File>
    <Config>
      <Option Name="DesignMode" Val="RTL"/>
      <Option Name="TopModule" Val="ic20_top_wrapper"/>
      <Option Name="TopAutoSet" Val="TRUE"/>
    </Config>
  </FileSet>
  <FileSet Name="constrs_in" Type="Constrs" RelSrcDir="$PSRCDIR/constrs_1" RelGenDir="$PGENDIR/constrs_1">
    <Filter Type="Constrs"/>
    <Config>
      <Option Name="ConstrsType" Val="XDC"/>
    </Config>
  </FileSet>
  <FileSet Name="utils" Type="Utils" RelSrcDir="$PSRCDIR/utils_1" RelGenDir="$PGENDIR/utils_1">
    <Filter Type="Utils"/>
    <Config>
      <Option Name="TopAutoSet" Val="TRUE"/>
    </Config>
  </FileSet>
  <Strategy Version="1" Minor="2">
    <StratHandle Name="Vivado Implementation Defaults" Flow="Vivado Implementation 2024">
      <Desc>Default settings for Implementation.</Desc>
    </StratHandle>
    <Step Id="init_design"/>
    <Step Id="opt_design"/>
    <Step Id="power_opt_design"/>
    <Step Id="place_design"/>
    <Step Id="post_place_power_opt_design"/>
    <Step Id="phys_opt_design"/>
    <Step Id="route_design"/>
    <Step Id="post_route_phys_opt_design"/>
    <Step Id="write_bitstream"/>
  </Strategy>
  <BlockFileSet Type="BlockSrcs" Name="ic20_top_xbar_1"/>
  <BlockFileSet Type="BlockSrcs" Name="ic20_top_axi_gpio_0_0"/>
  <BlockFileSet Type="BlockSrcs" Name="ic20_top_mdm_1_0"/>
  <BlockFileSet Type="BlockSrcs" Name="ic20_top_dlmb_bram_if_cntlr_0"/>
  <BlockFileSet Type="BlockSrcs" Name="ic20_top_axi_gpio_0_1"/>
  <BlockFileSet Type="BlockSrcs" Name="ic20_top_auto_pc_2"/>
  <BlockFileSet Type="BlockSrcs" Name="ic20_top_auto_pc_0"/>
  <BlockFileSet Type="BlockSrcs" Name="ic20_top_auto_pc_1"/>
  <BlockFileSet Type="BlockSrcs" Name="ic20_top_rst_ps7_0_100M_0"/>
  <BlockFileSet Type="BlockSrcs" Name="ic20_top_blk_mem_gen_0_0"/>
  <BlockFileSet Type="BlockSrcs" Name="ic20_top_axi_bram_ctrl_0_0"/>
  <BlockFileSet Type="BlockSrcs" Name="ic20_top_lmb_bram_0"/>
  <BlockFileSet Type="BlockSrcs" Name="ic20_top_ilmb_v10_0"/>
  <BlockFileSet Type="BlockSrcs" Name="ic20_top_ilmb_bram_if_cntlr_0"/>
  <BlockFileSet Type="BlockSrcs" Name="ic20_top_xbar_0"/>
  <BlockFileSet Type="BlockSrcs" Name="ic20_top_processing_system7_0_0"/>
  <BlockFileSet Type="BlockSrcs" Name="ic20_top_dlmb_v10_0"/>
  <BlockFileSet Type="BlockSrcs" Name="ic20_top_microblaze_riscv_0_0"/>
</GenRun>
