{
	"version": "0.2.0",
	"configurations": [
		{
			"type": "tcf-debug",
			"request": "launch",
			"name": "main_mb_app_hw_1",
			"debugType": "baremetal-zynq",
			"attachToRunningTargetOptions": {
				"targetSetupMode": "standalone",
				"executeScript": true,
				"scriptPath": ""
			},
			"autoAttachProcessChildren": false,
			"target": {
				"targetConnectionId": "Local",
				"peersIniPath": "../../../.wsdata/.peers.ini",
				"context": "zynq"
			},
			"targetSetup": {
				"resetSystem": true,
				"programDevice": true,
				"resetAPU": true,
				"bitstreamFile": "${workspaceFolder}\\main_mb\\_ide\\bitstream\\ic20_top_wrapper.bit",
				"zynqInitialization": {
					"isFsbl": false,
					"usingFSBL": {
						"initWithFSBL": true,
						"fsblFile": "${workspaceFolder}\\platform_mb\\export\\platform_mb\\sw\\boot\\fsbl.elf",
						"fsblExitSymbol": "FsblHandoffJtagExit"
					},
					"usingPs7Init": {
						"runPs7Init": true,
						"runPs7PostInit": true,
						"ps7InitTclFile": "${workspaceFolder}\\main_mb\\_ide\\psinit\\ps7_init.tcl"
					}
				},
				"downloadElf": [
					{
						"core": "microblaze",
						"resetProcessor": true,
						"elfFile": "${workspaceFolder}\\main_mb\\build\\main_mb.elf",
						"stopAtEntry": false
					},
					{
						"core": "ps7_cortexa9_0",
						"resetProcessor": true,
						"elfFile": "C:\\Users\\RSass\\Research\\shared_memory\\shared_mem_sw\\main_ps\\build\\main_ps.elf",
						"stopAtEntry": false
					}
				],
				"crossTriggerBreakpoints": {
					"isSelected": false,
					"breakpoints": []
				}
			},
			"internalConsoleOptions": "openOnSessionStart"
		}
	]
}