<?xml version="1.0" encoding="UTF-8"?>
<GenRun Id="ic20_top_rst_ps7_0_100M_0_synth_1" LaunchPart="xc7z020clg400-1" LaunchTime="1728490259">
  <File Type="PA-TCL" Name="ic20_top_rst_ps7_0_100M_0.tcl"/>
  <File Type="RDS-PROPCONSTRS" Name="ic20_top_rst_ps7_0_100M_0_drc_synth.rpt"/>
  <File Type="REPORTS-TCL" Name="ic20_top_rst_ps7_0_100M_0_reports.tcl"/>
  <File Type="RDS-RDS" Name="ic20_top_rst_ps7_0_100M_0.vds"/>
  <File Type="RDS-UTIL" Name="ic20_top_rst_ps7_0_100M_0_utilization_synth.rpt"/>
  <File Type="RDS-UTIL-PB" Name="ic20_top_rst_ps7_0_100M_0_utilization_synth.pb"/>
  <File Type="RDS-DCP" Name="ic20_top_rst_ps7_0_100M_0.dcp"/>
  <File Type="VDS-TIMINGSUMMARY" Name="ic20_top_rst_ps7_0_100M_0_timing_summary_synth.rpt"/>
  <File Type="VDS-TIMING-PB" Name="ic20_top_rst_ps7_0_100M_0_timing_summary_synth.pb"/>
  <FileSet Name="sources" Type="BlockSrcs" RelSrcDir="$PSRCDIR/ic20_top_rst_ps7_0_100M_0" RelGenDir="$PGENDIR/ic20_top_rst_ps7_0_100M_0">
    <File Path="$PSRCDIR/sources_1/bd/ic20_top/ip/ic20_top_rst_ps7_0_100M_0/ic20_top_rst_ps7_0_100M_0.xci">
      <FileInfo>
        <Attr Name="UsedIn" Val="synthesis"/>
        <Attr Name="UsedIn" Val="implementation"/>
        <Attr Name="UsedIn" Val="simulation"/>
      </FileInfo>
    </File>
    <Config>
      <Option Name="TopModule" Val="ic20_top_rst_ps7_0_100M_0"/>
      <Option Name="UseBlackboxStub" Val="1"/>
    </Config>
  </FileSet>
  <FileSet Name="constrs_in" Type="BlockSrcs" RelSrcDir="$PSRCDIR/ic20_top_rst_ps7_0_100M_0" RelGenDir="$PGENDIR/ic20_top_rst_ps7_0_100M_0">
    <File Path="$PSRCDIR/sources_1/bd/ic20_top/ip/ic20_top_rst_ps7_0_100M_0/ic20_top_rst_ps7_0_100M_0.xci">
      <FileInfo>
        <Attr Name="UsedIn" Val="synthesis"/>
        <Attr Name="UsedIn" Val="implementation"/>
        <Attr Name="UsedIn" Val="simulation"/>
      </FileInfo>
    </File>
    <Config>
      <Option Name="TopModule" Val="ic20_top_rst_ps7_0_100M_0"/>
      <Option Name="UseBlackboxStub" Val="1"/>
    </Config>
  </FileSet>
  <FileSet Name="utils" Type="Utils" RelSrcDir="$PSRCDIR/utils_1" RelGenDir="$PGENDIR/utils_1">
    <Filter Type="Utils"/>
    <Config>
      <Option Name="TopAutoSet" Val="TRUE"/>
    </Config>
  </FileSet>
  <Strategy Version="1" Minor="2">
    <StratHandle Name="Vivado Synthesis Defaults" Flow="Vivado Synthesis 2024">
      <Desc>Vivado Synthesis Defaults</Desc>
    </StratHandle>
    <Step Id="synth_design"/>
  </Strategy>
</GenRun>
