<?xml version="1.0"?>
<Runs Version="1" Minor="0">
	<Run Id="ic20_top_xbar_1_synth_1" LaunchDir="C:/Users/RSass/Research/shared_memory/shared_mem_hw/shared_mem_hw.runs/ic20_top_xbar_1_synth_1" FlowId="Vivado_Synthesis" FromStepId="vivado" ToStepId="vivado"/>
	<Run Id="ic20_top_axi_gpio_0_0_synth_1" LaunchDir="C:/Users/RSass/Research/shared_memory/shared_mem_hw/shared_mem_hw.runs/ic20_top_axi_gpio_0_0_synth_1" FlowId="Vivado_Synthesis" FromStepId="vivado" ToStepId="vivado"/>
	<Run Id="ic20_top_axi_gpio_0_1_synth_1" LaunchDir="C:/Users/RSass/Research/shared_memory/shared_mem_hw/shared_mem_hw.runs/ic20_top_axi_gpio_0_1_synth_1" FlowId="Vivado_Synthesis" FromStepId="vivado" ToStepId="vivado"/>
	<Run Id="ic20_top_auto_pc_2_synth_1" LaunchDir="C:/Users/RSass/Research/shared_memory/shared_mem_hw/shared_mem_hw.runs/ic20_top_auto_pc_2_synth_1" FlowId="Vivado_Synthesis" FromStepId="vivado" ToStepId="vivado"/>
	<Run Id="ic20_top_auto_pc_0_synth_1" LaunchDir="C:/Users/RSass/Research/shared_memory/shared_mem_hw/shared_mem_hw.runs/ic20_top_auto_pc_0_synth_1" FlowId="Vivado_Synthesis" FromStepId="vivado" ToStepId="vivado"/>
	<Run Id="ic20_top_auto_pc_1_synth_1" LaunchDir="C:/Users/RSass/Research/shared_memory/shared_mem_hw/shared_mem_hw.runs/ic20_top_auto_pc_1_synth_1" FlowId="Vivado_Synthesis" FromStepId="vivado" ToStepId="vivado"/>
	<Run Id="ic20_top_blk_mem_gen_0_0_synth_1" LaunchDir="C:/Users/RSass/Research/shared_memory/shared_mem_hw/shared_mem_hw.runs/ic20_top_blk_mem_gen_0_0_synth_1" FlowId="Vivado_Synthesis" FromStepId="vivado" ToStepId="vivado"/>
	<Run Id="ic20_top_rst_ps7_0_100M_0_synth_1" LaunchDir="C:/Users/RSass/Research/shared_memory/shared_mem_hw/shared_mem_hw.runs/ic20_top_rst_ps7_0_100M_0_synth_1" FlowId="Vivado_Synthesis" FromStepId="vivado" ToStepId="vivado"/>
	<Run Id="ic20_top_mdm_1_0_synth_1" LaunchDir="C:/Users/RSass/Research/shared_memory/shared_mem_hw/shared_mem_hw.runs/ic20_top_mdm_1_0_synth_1" FlowId="Vivado_Synthesis" FromStepId="vivado" ToStepId="vivado"/>
	<Run Id="ic20_top_axi_bram_ctrl_0_0_synth_1" LaunchDir="C:/Users/RSass/Research/shared_memory/shared_mem_hw/shared_mem_hw.runs/ic20_top_axi_bram_ctrl_0_0_synth_1" FlowId="Vivado_Synthesis" FromStepId="vivado" ToStepId="vivado"/>
	<Run Id="ic20_top_lmb_bram_0_synth_1" LaunchDir="C:/Users/RSass/Research/shared_memory/shared_mem_hw/shared_mem_hw.runs/ic20_top_lmb_bram_0_synth_1" FlowId="Vivado_Synthesis" FromStepId="vivado" ToStepId="vivado"/>
	<Run Id="ic20_top_dlmb_bram_if_cntlr_0_synth_1" LaunchDir="C:/Users/RSass/Research/shared_memory/shared_mem_hw/shared_mem_hw.runs/ic20_top_dlmb_bram_if_cntlr_0_synth_1" FlowId="Vivado_Synthesis" FromStepId="vivado" ToStepId="vivado"/>
	<Run Id="ic20_top_ilmb_v10_0_synth_1" LaunchDir="C:/Users/RSass/Research/shared_memory/shared_mem_hw/shared_mem_hw.runs/ic20_top_ilmb_v10_0_synth_1" FlowId="Vivado_Synthesis" FromStepId="vivado" ToStepId="vivado"/>
	<Run Id="ic20_top_ilmb_bram_if_cntlr_0_synth_1" LaunchDir="C:/Users/RSass/Research/shared_memory/shared_mem_hw/shared_mem_hw.runs/ic20_top_ilmb_bram_if_cntlr_0_synth_1" FlowId="Vivado_Synthesis" FromStepId="vivado" ToStepId="vivado"/>
	<Run Id="ic20_top_xbar_0_synth_1" LaunchDir="C:/Users/RSass/Research/shared_memory/shared_mem_hw/shared_mem_hw.runs/ic20_top_xbar_0_synth_1" FlowId="Vivado_Synthesis" FromStepId="vivado" ToStepId="vivado"/>
	<Run Id="ic20_top_processing_system7_0_0_synth_1" LaunchDir="C:/Users/RSass/Research/shared_memory/shared_mem_hw/shared_mem_hw.runs/ic20_top_processing_system7_0_0_synth_1" FlowId="Vivado_Synthesis" FromStepId="vivado" ToStepId="vivado"/>
	<Run Id="ic20_top_dlmb_v10_0_synth_1" LaunchDir="C:/Users/RSass/Research/shared_memory/shared_mem_hw/shared_mem_hw.runs/ic20_top_dlmb_v10_0_synth_1" FlowId="Vivado_Synthesis" FromStepId="vivado" ToStepId="vivado" IsOrderedIPRun="true">
		<Parent Id="ic20_top_ilmb_v10_0_synth_1"/>
	</Run>
	<Run Id="ic20_top_microblaze_riscv_0_0_synth_1" LaunchDir="C:/Users/RSass/Research/shared_memory/shared_mem_hw/shared_mem_hw.runs/ic20_top_microblaze_riscv_0_0_synth_1" FlowId="Vivado_Synthesis" FromStepId="vivado" ToStepId="vivado"/>
	<Run Id="synth_1" LaunchDir="C:/Users/RSass/Research/shared_memory/shared_mem_hw/shared_mem_hw.runs/synth_1" FlowId="Vivado_Synthesis" FromStepId="vivado" ToStepId="vivado">
		<Parent Id="ic20_top_xbar_1_synth_1"/>
		<Parent Id="ic20_top_axi_gpio_0_0_synth_1"/>
		<Parent Id="ic20_top_axi_gpio_0_1_synth_1"/>
		<Parent Id="ic20_top_auto_pc_2_synth_1"/>
		<Parent Id="ic20_top_auto_pc_0_synth_1"/>
		<Parent Id="ic20_top_auto_pc_1_synth_1"/>
		<Parent Id="ic20_top_blk_mem_gen_0_0_synth_1"/>
		<Parent Id="ic20_top_rst_ps7_0_100M_0_synth_1"/>
		<Parent Id="ic20_top_mdm_1_0_synth_1"/>
		<Parent Id="ic20_top_axi_bram_ctrl_0_0_synth_1"/>
		<Parent Id="ic20_top_lmb_bram_0_synth_1"/>
		<Parent Id="ic20_top_dlmb_bram_if_cntlr_0_synth_1"/>
		<Parent Id="ic20_top_ilmb_v10_0_synth_1"/>
		<Parent Id="ic20_top_ilmb_bram_if_cntlr_0_synth_1"/>
		<Parent Id="ic20_top_xbar_0_synth_1"/>
		<Parent Id="ic20_top_processing_system7_0_0_synth_1"/>
		<Parent Id="ic20_top_dlmb_v10_0_synth_1"/>
		<Parent Id="ic20_top_microblaze_riscv_0_0_synth_1"/>
	</Run>
	<Run Id="impl_1" LaunchDir="C:/Users/RSass/Research/shared_memory/shared_mem_hw/shared_mem_hw.runs/impl_1" FlowId="Vivado_Implementation" FromStepId="init_design" ToStepId="write_bitstream">
		<Parent Id="synth_1"/>
		<Parent Id="ic20_top_xbar_1_synth_1"/>
		<Parent Id="ic20_top_axi_gpio_0_0_synth_1"/>
		<Parent Id="ic20_top_axi_gpio_0_1_synth_1"/>
		<Parent Id="ic20_top_auto_pc_2_synth_1"/>
		<Parent Id="ic20_top_auto_pc_0_synth_1"/>
		<Parent Id="ic20_top_auto_pc_1_synth_1"/>
		<Parent Id="ic20_top_blk_mem_gen_0_0_synth_1"/>
		<Parent Id="ic20_top_rst_ps7_0_100M_0_synth_1"/>
		<Parent Id="ic20_top_mdm_1_0_synth_1"/>
		<Parent Id="ic20_top_axi_bram_ctrl_0_0_synth_1"/>
		<Parent Id="ic20_top_lmb_bram_0_synth_1"/>
		<Parent Id="ic20_top_dlmb_bram_if_cntlr_0_synth_1"/>
		<Parent Id="ic20_top_ilmb_v10_0_synth_1"/>
		<Parent Id="ic20_top_ilmb_bram_if_cntlr_0_synth_1"/>
		<Parent Id="ic20_top_xbar_0_synth_1"/>
		<Parent Id="ic20_top_processing_system7_0_0_synth_1"/>
		<Parent Id="ic20_top_dlmb_v10_0_synth_1"/>
		<Parent Id="ic20_top_microblaze_riscv_0_0_synth_1"/>
	</Run>
	<Parameters>
		<Parameter Name="runs.monitorLSFJobs" Val="true" Type="bool"/>
		<Parameter Name="runs.enableClusterConf" Val="true" Type="bool"/>
		<Parameter Name="general.shortenLongPath" Val="true" Type="bool"/>
	</Parameters>
	<ProductInfo Name="vivado"/>
</Runs>

