<?xml version="1.0" encoding="UTF-8"?>
<GenRun Id="synth_1" LaunchPart="xc7z020clg400-1" LaunchTime="1728490261">
  <File Type="PA-TCL" Name="ic20_top_wrapper.tcl"/>
  <File Type="RDS-PROPCONSTRS" Name="ic20_top_wrapper_drc_synth.rpt"/>
  <File Type="REPORTS-TCL" Name="ic20_top_wrapper_reports.tcl"/>
  <File Type="RDS-RDS" Name="ic20_top_wrapper.vds"/>
  <File Type="RDS-UTIL" Name="ic20_top_wrapper_utilization_synth.rpt"/>
  <File Type="RDS-UTIL-PB" Name="ic20_top_wrapper_utilization_synth.pb"/>
  <File Type="RDS-DCP" Name="ic20_top_wrapper.dcp"/>
  <File Type="VDS-TIMINGSUMMARY" Name="ic20_top_wrapper_timing_summary_synth.rpt"/>
  <File Type="VDS-TIMING-PB" Name="ic20_top_wrapper_timing_summary_synth.pb"/>
  <FileSet Name="sources" Type="DesignSrcs" RelSrcDir="$PSRCDIR/sources_1" RelGenDir="$PGENDIR/sources_1">
    <Filter Type="Srcs"/>
    <File Path="$PSRCDIR/sources_1/bd/ic20_top/ic20_top.bd">
      <FileInfo>
        <Attr Name="UsedIn" Val="synthesis"/>
        <Attr Name="UsedIn" Val="implementation"/>
        <Attr Name="UsedIn" Val="simulation"/>
      </FileInfo>
    </File>
    <File Path="$PGENDIR/sources_1/bd/ic20_top/hdl/ic20_top_wrapper.v">
      <FileInfo>
        <Attr Name="UsedIn" Val="synthesis"/>
        <Attr Name="UsedIn" Val="implementation"/>
        <Attr Name="UsedIn" Val="simulation"/>
      </FileInfo>
    </File>
    <Config>
      <Option Name="DesignMode" Val="RTL"/>
      <Option Name="TopModule" Val="ic20_top_wrapper"/>
      <Option Name="TopAutoSet" Val="TRUE"/>
    </Config>
  </FileSet>
  <FileSet Name="constrs_in" Type="Constrs" RelSrcDir="$PSRCDIR/constrs_1" RelGenDir="$PGENDIR/constrs_1">
    <Filter Type="Constrs"/>
    <Config>
      <Option Name="ConstrsType" Val="XDC"/>
    </Config>
  </FileSet>
  <FileSet Name="utils" Type="Utils" RelSrcDir="$PSRCDIR/utils_1" RelGenDir="$PGENDIR/utils_1">
    <Filter Type="Utils"/>
    <Config>
      <Option Name="TopAutoSet" Val="TRUE"/>
    </Config>
  </FileSet>
  <Strategy Version="1" Minor="2">
    <StratHandle Name="Vivado Synthesis Defaults" Flow="Vivado Synthesis 2024">
      <Desc>Vivado Synthesis Defaults</Desc>
    </StratHandle>
    <Step Id="synth_design"/>
  </Strategy>
  <BlockFileSet Type="BlockSrcs" Name="ic20_top_xbar_1"/>
  <BlockFileSet Type="BlockSrcs" Name="ic20_top_axi_gpio_0_0"/>
  <BlockFileSet Type="BlockSrcs" Name="ic20_top_mdm_1_0"/>
  <BlockFileSet Type="BlockSrcs" Name="ic20_top_dlmb_bram_if_cntlr_0"/>
  <BlockFileSet Type="BlockSrcs" Name="ic20_top_axi_gpio_0_1"/>
  <BlockFileSet Type="BlockSrcs" Name="ic20_top_auto_pc_2"/>
  <BlockFileSet Type="BlockSrcs" Name="ic20_top_auto_pc_0"/>
  <BlockFileSet Type="BlockSrcs" Name="ic20_top_auto_pc_1"/>
  <BlockFileSet Type="BlockSrcs" Name="ic20_top_rst_ps7_0_100M_0"/>
  <BlockFileSet Type="BlockSrcs" Name="ic20_top_blk_mem_gen_0_0"/>
  <BlockFileSet Type="BlockSrcs" Name="ic20_top_axi_bram_ctrl_0_0"/>
  <BlockFileSet Type="BlockSrcs" Name="ic20_top_lmb_bram_0"/>
  <BlockFileSet Type="BlockSrcs" Name="ic20_top_ilmb_v10_0"/>
  <BlockFileSet Type="BlockSrcs" Name="ic20_top_ilmb_bram_if_cntlr_0"/>
  <BlockFileSet Type="BlockSrcs" Name="ic20_top_xbar_0"/>
  <BlockFileSet Type="BlockSrcs" Name="ic20_top_processing_system7_0_0"/>
  <BlockFileSet Type="BlockSrcs" Name="ic20_top_dlmb_v10_0"/>
  <BlockFileSet Type="BlockSrcs" Name="ic20_top_microblaze_riscv_0_0"/>
</GenRun>
